{"0": "Alu Bhorta", "1": "Alu-Vaji", "2": "Begun Bhaja", "3": "Begun Bhorta", "4": "Biriyani", "5": "Boiled_egg", "6": "Borhani", "7": "Burger", "8": "Cake", "9": "Chicken_Grill", "10": "Chicken_curry", "11": "Chicken_wings", "12": "Chitoi  Pitha", "13": "Chocolate_cake", "14": "Doi", "15": "Falooda", "16": "Fish Bhuna_Mach Bhuna", "17": "French_fries", "18": "Fried chicken - Murg Bhaja", "19": "Fried fish_Mach Bhaja", "20": "Fried_rice", "21": "Fuchka", "22": "Hilsha_Fish_Curry", "23": "Jalebi", "24": "Jorda", "25": "Kacchi", "26": "Khichuri", "27": "Korola-Vaji", "28": "Lal-shak-Vaji", "29": "Lentil fritters - Dal Puri", "30": "Lentil soup_Dal", "31": "Meat Curry_Gosht Bhuna", "32": "Misti", "33": "Mixed vegetable stir-fry - Torkari", "34": "Momo", "35": "Noodles", "36": "Parata", "37": "Payesh-Firni", "38": "Prawn curry - Chingri bhuna", "39": "Rosogolla", "40": "Salad", "41": "Sandwich", "42": "Shak-Vaji", "43": "Shawarma", "44": "Shemai", "45": "Shik_kabab", "46": "Singgara", "47": "Sondesh", "48": "Tundul ruti - Nan Ruti", "49": "Vapa Pitha", "50": "Vegetable fritters - Beguni", "51": "cheesecake", "52": "cup_cakes", "53": "ice_cream", "54": "kebab - Gosht Kebab", "55": "omelette", "56": "pizza", "57": "poached_egg"}